{
  "timestamp": "20260122_063036",
  "results": [
    {
      "framework": "clove",
      "iterations": 1,
      "errors": 0,
      "mean_ms": 684.7407817840576,
      "min_ms": 684.7407817840576,
      "max_ms": 684.7407817840576,
      "avg_workflow_iterations": 1.0,
      "avg_notes": 0.0,
      "avg_report_length": 0.0,
      "raw_results": [
        {
          "elapsed_ms": 684.7407817840576,
          "iterations": 1,
          "notes_count": 0,
          "report_length": 0
        }
      ]
    }
  ]
}